INSERT INTO USERS (ID, USERNAME, PASSWORD, ROLE) VALUES (-1, 'admin', 'PBKDF2WithHmacSHA256:2048:McY8GmR3k1PjMwJQE97wYxbdCuJ2f7bBfwiNlOMT2Bc=:qnB+F68kaLGTITEiYfg8s+7+L1/5AKbiWgkKC4g2VKE=', 'ADMIN');
INSERT INTO USERS (ID, USERNAME, PASSWORD, ROLE) VALUES (-2, 'user1', 'PBKDF2WithHmacSHA256:2048:McY8GmR3k1PjMwJQE97wYxbdCuJ2f7bBfwiNlOMT2Bc=:qnB+F68kaLGTITEiYfg8s+7+L1/5AKbiWgkKC4g2VKE=', 'USER');
INSERT INTO USERS (ID, USERNAME, PASSWORD, ROLE) VALUES (-3, 'user2', 'PBKDF2WithHmacSHA256:2048:McY8GmR3k1PjMwJQE97wYxbdCuJ2f7bBfwiNlOMT2Bc=:qnB+F68kaLGTITEiYfg8s+7+L1/5AKbiWgkKC4g2VKE=', 'USER');
INSERT INTO TAGS (ID, TAGMESSAGE) VALUES (-1, 'tag1');
INSERT INTO TAGS (ID, TAGMESSAGE) VALUES (-2, 'tag2');
INSERT INTO TAGS (ID, TAGMESSAGE) VALUES (-3, 'tag3');
INSERT INTO TAGS (ID, TAGMESSAGE) VALUES (-4, 'tag4');
INSERT INTO TAGS (ID, TAGMESSAGE) VALUES (-5, 'tag5');
INSERT INTO GOALS (ID, USER_ID, GOALMESSAGE) VALUES (-1, -1, 'test goal 1');
INSERT INTO GOALS (ID, USER_ID, GOALMESSAGE) VALUES (-2, -1, 'test goal 2');
INSERT INTO GOALS (ID, USER_ID, GOALMESSAGE) VALUES (-3, -1, 'test goal 3');
INSERT INTO GOALS (ID, USER_ID, GOALMESSAGE) VALUES (-4, -2, 'test goal 4');
INSERT INTO GOALS (ID, USER_ID, GOALMESSAGE) VALUES (-5, -2, 'test goal 5');
INSERT INTO GOALS (ID, USER_ID, GOALMESSAGE) VALUES (-6, -3, 'test goal 6');
INSERT INTO GOAL_TAGS (GOAL_ID, TAG_ID) VALUES (-1, -1);
INSERT INTO GOAL_TAGS (GOAL_ID, TAG_ID) VALUES (-1, -2);
INSERT INTO GOAL_TAGS (GOAL_ID, TAG_ID) VALUES (-1, -3);
INSERT INTO GOAL_TAGS (GOAL_ID, TAG_ID) VALUES (-2, -4);
INSERT INTO GOAL_TAGS (GOAL_ID, TAG_ID) VALUES (-2, -5);
INSERT INTO GOAL_TAGS (GOAL_ID, TAG_ID) VALUES (-3, -1);
INSERT INTO GOAL_TAGS (GOAL_ID, TAG_ID) VALUES (-4, -2);
INSERT INTO GOAL_TAGS (GOAL_ID, TAG_ID) VALUES (-5, -3);
INSERT INTO GOAL_TAGS (GOAL_ID, TAG_ID) VALUES (-6, -4);
INSERT INTO GOAL_TAGS (GOAL_ID, TAG_ID) VALUES (-6, -5);
