INSERT INTO USERS (ID, USERNAME, PASSWORD, ROLE, EMAIL, PHONE) VALUES (100, 'admin', 'PBKDF2WithHmacSHA256:2048:McY8GmR3k1PjMwJQE97wYxbdCuJ2f7bBfwiNlOMT2Bc=:qnB+F68kaLGTITEiYfg8s+7+L1/5AKbiWgkKC4g2VKE=', 'ADMIN', 'admin@ctco.lv', '1234567');
INSERT INTO USERS (ID, USERNAME, PASSWORD, ROLE, EMAIL, PHONE) VALUES (200, 'user1', 'PBKDF2WithHmacSHA256:2048:McY8GmR3k1PjMwJQE97wYxbdCuJ2f7bBfwiNlOMT2Bc=:qnB+F68kaLGTITEiYfg8s+7+L1/5AKbiWgkKC4g2VKE=', 'USER', 'user1@ctco.lv', '7654321');
INSERT INTO USERS (ID, USERNAME, PASSWORD, ROLE, EMAIL, PHONE) VALUES (300, 'user2', 'PBKDF2WithHmacSHA256:2048:McY8GmR3k1PjMwJQE97wYxbdCuJ2f7bBfwiNlOMT2Bc=:qnB+F68kaLGTITEiYfg8s+7+L1/5AKbiWgkKC4g2VKE=', 'USER', 'user2@ctco.lv', '1236547');
INSERT INTO TAGS (ID, TAGMESSAGE) VALUES (100, 'tag1');
INSERT INTO TAGS (ID, TAGMESSAGE) VALUES (200, 'tag2');
INSERT INTO TAGS (ID, TAGMESSAGE) VALUES (300, 'tag3');
INSERT INTO TAGS (ID, TAGMESSAGE) VALUES (400, 'tag4');
INSERT INTO TAGS (ID, TAGMESSAGE) VALUES (500, 'tag5');
INSERT INTO GOALS (ID, USER_ID, GOALMESSAGE, DEADLINEDATE, REGISTEREDDATE) VALUES (100, 100, 'Test goal 1', parsedatetime('07-09-2018 00:00:00.00', 'dd-MM-yyyy hh:mm:ss.SS'), parsedatetime('20-08-2018 00:00:00.00', 'dd-MM-yyyy hh:mm:ss.SS'));
INSERT INTO GOALS (ID, USER_ID, GOALMESSAGE, DEADLINEDATE, REGISTEREDDATE) VALUES (200, 100, 'Test goal 2', parsedatetime('07-09-2018 00:00:00.00', 'dd-MM-yyyy hh:mm:ss.SS'), parsedatetime('01-09-2018 00:00:00.00', 'dd-MM-yyyy hh:mm:ss.SS'));
INSERT INTO GOALS (ID, USER_ID, GOALMESSAGE, DEADLINEDATE, REGISTEREDDATE) VALUES (300, 200, 'Test goal 3', parsedatetime('01-09-2018 00:00:00.00', 'dd-MM-yyyy hh:mm:ss.SS'), parsedatetime('25-08-2018 00:00:00.00', 'dd-MM-yyyy hh:mm:ss.SS'));
INSERT INTO GOALS (ID, USER_ID, GOALMESSAGE, DEADLINEDATE, REGISTEREDDATE) VALUES (400, 200, 'Test goal 4', parsedatetime('29-08-2018 00:00:00.00', 'dd-MM-yyyy hh:mm:ss.SS'), parsedatetime('22-08-2018 00:00:00.00', 'dd-MM-yyyy hh:mm:ss.SS'));
INSERT INTO GOALS (ID, USER_ID, GOALMESSAGE, DEADLINEDATE, REGISTEREDDATE) VALUES (500, 300, 'Test goal 5', parsedatetime('07-09-2018 00:00:00.00', 'dd-MM-yyyy hh:mm:ss.SS'), parsedatetime('02-09-2018 00:00:00.00', 'dd-MM-yyyy hh:mm:ss.SS'));
INSERT INTO GOAL_TAGS (GOAL_ID, TAG_ID) VALUES (100, 100);
INSERT INTO GOAL_TAGS (GOAL_ID, TAG_ID) VALUES (100, 200);
INSERT INTO GOAL_TAGS (GOAL_ID, TAG_ID) VALUES (100, 300);
INSERT INTO GOAL_TAGS (GOAL_ID, TAG_ID) VALUES (200, 400);
INSERT INTO GOAL_TAGS (GOAL_ID, TAG_ID) VALUES (200, 500);
INSERT INTO GOAL_TAGS (GOAL_ID, TAG_ID) VALUES (300, 100);
INSERT INTO GOAL_TAGS (GOAL_ID, TAG_ID) VALUES (400, 200);
INSERT INTO GOAL_TAGS (GOAL_ID, TAG_ID) VALUES (500, 300);
INSERT INTO GOAL_TAGS (GOAL_ID, TAG_ID) VALUES (500, 400);
INSERT INTO GOAL_TAGS (GOAL_ID, TAG_ID) VALUES (500, 500);