INSERT INTO USERS (ID, USERNAME, PASSWORD, ROLE, EMAIL, PHONE) VALUES (100, 'admin', 'PBKDF2WithHmacSHA256:2048:McY8GmR3k1PjMwJQE97wYxbdCuJ2f7bBfwiNlOMT2Bc=:qnB+F68kaLGTITEiYfg8s+7+L1/5AKbiWgkKC4g2VKE=', 'ADMIN', 'admin@ctco.lv', '1234567');
INSERT INTO USERS (ID, USERNAME, PASSWORD, ROLE, EMAIL, PHONE) VALUES (200, 'user1', 'PBKDF2WithHmacSHA256:2048:McY8GmR3k1PjMwJQE97wYxbdCuJ2f7bBfwiNlOMT2Bc=:qnB+F68kaLGTITEiYfg8s+7+L1/5AKbiWgkKC4g2VKE=', 'USER', 'user1@ctco.lv', '7654321');
INSERT INTO USERS (ID, USERNAME, PASSWORD, ROLE, EMAIL, PHONE) VALUES (300, 'user2', 'PBKDF2WithHmacSHA256:2048:McY8GmR3k1PjMwJQE97wYxbdCuJ2f7bBfwiNlOMT2Bc=:qnB+F68kaLGTITEiYfg8s+7+L1/5AKbiWgkKC4g2VKE=', 'USER', 'user2@ctco.lv', '1236547');
INSERT INTO TAGS (ID, TAGMESSAGE) VALUES (100, 'sport');
INSERT INTO TAGS (ID, TAGMESSAGE) VALUES (200, 'bench press');
INSERT INTO TAGS (ID, TAGMESSAGE) VALUES (300, 'knowledge');
INSERT INTO TAGS (ID, TAGMESSAGE) VALUES (400, 'git');
INSERT INTO TAGS (ID, TAGMESSAGE) VALUES (500, 'terminal');
INSERT INTO TAGS (ID, TAGMESSAGE) VALUES (600, 'blind printing');
INSERT INTO TAGS (ID, TAGMESSAGE) VALUES (700, 'skill');
INSERT INTO TAGS (ID, TAGMESSAGE) VALUES (800, 'trip');
INSERT INTO TAGS (ID, TAGMESSAGE) VALUES (900, 'motorcycle');
INSERT INTO TAGS (ID, TAGMESSAGE) VALUES (1000, 'travel');
INSERT INTO TAGS (ID, TAGMESSAGE) VALUES (1100, 'iron butt');
INSERT INTO TAGS (ID, TAGMESSAGE) VALUES (1200, 'java school');
INSERT INTO TAGS (ID, TAGMESSAGE) VALUES (1300, 'java');
INSERT INTO TAGS (ID, TAGMESSAGE) VALUES (1400, 'tests');
INSERT INTO GOALS (ID, USER_ID, GOALMESSAGE, DEADLINEDATE, REGISTEREDDATE) VALUES (100, 100, 'Increase my bench press by 30 pounds in the next 6 weeks.', parsedatetime('13-09-2018 00:00:00.00', 'dd-MM-yyyy hh:mm:ss.SS'), parsedatetime('01-09-2018 00:00:00.00', 'dd-MM-yyyy hh:mm:ss.SS'));
INSERT INTO GOALS (ID, USER_ID, GOALMESSAGE, DEADLINEDATE, REGISTEREDDATE) VALUES (200, 100, 'Learn the most common git terminal commands.', parsedatetime('03-09-2018 00:00:00.00', 'dd-MM-yyyy hh:mm:ss.SS'), parsedatetime('27-08-2018 00:00:00.00', 'dd-MM-yyyy hh:mm:ss.SS'));
INSERT INTO GOALS (ID, USER_ID, GOALMESSAGE, DEADLINEDATE, REGISTEREDDATE) VALUES (300, 200, 'Learn to type blindly.', parsedatetime('01-11-2018 00:00:00.00', 'dd-MM-yyyy hh:mm:ss.SS'), parsedatetime('28-08-2018 00:00:00.00', 'dd-MM-yyyy hh:mm:ss.SS'));
INSERT INTO GOALS (ID, USER_ID, GOALMESSAGE, DEADLINEDATE, REGISTEREDDATE) VALUES (400, 200, 'Trip to Spain on a motorcycle with friends.', parsedatetime('01-10-2018 00:00:00.00', 'dd-MM-yyyy hh:mm:ss.SS'), parsedatetime('01-06-2018 00:00:00.00', 'dd-MM-yyyy hh:mm:ss.SS'));
INSERT INTO GOALS (ID, USER_ID, GOALMESSAGE, DEADLINEDATE, REGISTEREDDATE) VALUES (500, 100, 'Finish the Java School Project.', parsedatetime('07-09-2018 00:00:00.00', 'dd-MM-yyyy hh:mm:ss.SS'), parsedatetime('03-09-2018 00:00:00.00', 'dd-MM-yyyy hh:mm:ss.SS'));
INSERT INTO GOALS (ID, USER_ID, GOALMESSAGE, DEADLINEDATE, REGISTEREDDATE) VALUES (600, 200, 'Fix tests for the java school project.', parsedatetime('07-09-2018 00:00:00.00', 'dd-MM-yyyy hh:mm:ss.SS'), parsedatetime('03-09-2018 00:00:00.00', 'dd-MM-yyyy hh:mm:ss.SS'));
INSERT INTO GOALS (ID, USER_ID, GOALMESSAGE, DEADLINEDATE, REGISTEREDDATE) VALUES (700, 300, 'Prepare to the Java School Project demo.', parsedatetime('07-09-2018 00:00:00.00', 'dd-MM-yyyy hh:mm:ss.SS'), parsedatetime('03-09-2018 00:00:00.00', 'dd-MM-yyyy hh:mm:ss.SS'));
INSERT INTO GOAL_TAGS (GOAL_ID, TAG_ID) VALUES (100, 100);
INSERT INTO GOAL_TAGS (GOAL_ID, TAG_ID) VALUES (100, 200);
INSERT INTO GOAL_TAGS (GOAL_ID, TAG_ID) VALUES (200, 300);
INSERT INTO GOAL_TAGS (GOAL_ID, TAG_ID) VALUES (200, 400);
INSERT INTO GOAL_TAGS (GOAL_ID, TAG_ID) VALUES (200, 500);
INSERT INTO GOAL_TAGS (GOAL_ID, TAG_ID) VALUES (200, 700);
INSERT INTO GOAL_TAGS (GOAL_ID, TAG_ID) VALUES (300, 600);
INSERT INTO GOAL_TAGS (GOAL_ID, TAG_ID) VALUES (300, 700);
INSERT INTO GOAL_TAGS (GOAL_ID, TAG_ID) VALUES (400, 800);
INSERT INTO GOAL_TAGS (GOAL_ID, TAG_ID) VALUES (400, 900);
INSERT INTO GOAL_TAGS (GOAL_ID, TAG_ID) VALUES (400, 1000);
INSERT INTO GOAL_TAGS (GOAL_ID, TAG_ID) VALUES (400, 1100);
INSERT INTO GOAL_TAGS (GOAL_ID, TAG_ID) VALUES (500, 300);
INSERT INTO GOAL_TAGS (GOAL_ID, TAG_ID) VALUES (500, 1200);
INSERT INTO GOAL_TAGS (GOAL_ID, TAG_ID) VALUES (500, 1300);
INSERT INTO GOAL_TAGS (GOAL_ID, TAG_ID) VALUES (600, 300);
INSERT INTO GOAL_TAGS (GOAL_ID, TAG_ID) VALUES (600, 1200);
INSERT INTO GOAL_TAGS (GOAL_ID, TAG_ID) VALUES (600, 1300);
INSERT INTO GOAL_TAGS (GOAL_ID, TAG_ID) VALUES (600, 1400);
INSERT INTO GOAL_TAGS (GOAL_ID, TAG_ID) VALUES (700, 300);
INSERT INTO GOAL_TAGS (GOAL_ID, TAG_ID) VALUES (700, 1300);